scaffold,length,reads,percent_coverage
JARKHS020015531.1,139992,8005003,51.03981225
JARKHS020019926.1,29433,737610,4.702993355
JARKHS020035581.1,70251,694445,4.427773783
JARKHS020002338.1,56288,572258,3.648710797
JARKHS020035779.1,68114,504170,3.214582448
JARKHS020030510.1,117882,468837,2.989299624
JARKHS020024007.1,90043,465092,2.965421544
JARKHS020025943.1,58624,378643,2.414223659
JARKHS020031985.1,49841,364582,2.324570875
JARKHS020010129.1,37023,304082,1.938823532