scaffold,length,reads,percent_coverage
JARKHS020015531.1,139992,4517250,54.70470118
JARKHS020035581.1,70251,348559,4.221111504
JARKHS020002338.1,56288,334666,4.052864802
JARKHS020019926.1,29433,321637,3.895081294
JARKHS020025943.1,58624,293541,3.554833735
JARKHS020035779.1,68114,235705,2.854429485
JARKHS020030510.1,117882,213926,2.59068192
JARKHS020031985.1,49841,213389,2.584178755
JARKHS020010129.1,37023,185806,2.250143718
JARKHS020024007.1,90043,169540,2.053159564