scaffold,length,reads,percent_coverage
JARKHS020015531.1,139992,12634899,56.37688833
JARKHS020019926.1,29433,997279,4.449856451
JARKHS020025943.1,58624,866792,3.867623777
JARKHS020035581.1,70251,847476,3.781435832
JARKHS020002338.1,56288,742951,3.315045539
JARKHS020024007.1,90043,646844,2.886216341
JARKHS020031985.1,49841,583706,2.60449474
JARKHS020035779.1,68114,564831,2.520274536
JARKHS020010129.1,37023,441206,1.968660089
JARKHS020030510.1,117882,369794,1.650019921